{
  "current_iteration": 19,
  "best_score": 0.8718599284657123,
  "score_history": [
    0.8718599284657123,
    0.8718599284657123,
    0.8718599284657123,
    0.6950859284885342,
    0.7427192815612736,
    0.8718599284657123,
    0.7296797571540197,
    0.6924793045497148,
    0.694336794706451,
    0.8718599284657123,
    0.6545350382132663,
    0.6782509395685571,
    0.6892785693278308,
    0.762359452583187,
    0.0,
    0.8718599284657123,
    0.6950859284885342,
    0.762359452583187,
    0.6782509395685571,
    0.8167327328528211,
    0.7457530877903497
  ],
  "best_score_history": [
    0.8718599284657123,
    0.8718599284657123,
    0.8718599284657123,
    0.8718599284657123,
    0.8718599284657123,
    0.8718599284657123,
    0.8718599284657123,
    0.8718599284657123,
    0.8718599284657123,
    0.8718599284657123,
    0.8718599284657123,
    0.8718599284657123,
    0.8718599284657123,
    0.8718599284657123,
    0.8718599284657123,
    0.8718599284657123,
    0.8718599284657123,
    0.8718599284657123,
    0.8718599284657123,
    0.8718599284657123,
    0.8718599284657123
  ],
  "generations_without_improvement": 20,
  "objective": "Optimize the Harmony algorithm implementation for:\n\n1. **Integration Quality** (40% weight): Improve batch mixing while preserving biological structure.\n   - The algorithm should effectively remove batch effects\n   - Biological clusters should remain distinct after correction\n\n2. **Performance** (20% weight): Reduce execution time.\n   - Optimize hot loops and matrix operations\n   - Consider vectorization opportunities\n   - Avoid redundant computations\n\n3. **Convergence** (10% weight): Improve convergence behavior.\n   - Reduce number of iterations needed\n   - Ensure stable convergence\n\n4. **Biological Conservation** (30% weight): Preserve biological variance.\n   - Don't over-correct and remove biological signal\n   - Maintain cluster separation\n\nKey areas to consider:\n- The _update_R() method computes soft cluster assignments\n- The _correct() method applies linear corrections\n- The _compute_distances() method is called frequently\n- Ridge regression in _correct() could be optimized\n- The diversity penalty in _update_R() balances batch mixing\n\nConstraints:\n- Keep the public API (run_harmony function signature)\n- Maintain numerical stability\n- Don't remove essential functionality\n",
  "evaluator_code": "\"\"\"\nEvaluator for Harmony Algorithm Evolution.\n\nThis evaluator measures:\n1. Integration quality (how well batches are mixed)\n2. Biological variance preservation (how well structure is preserved)\n3. Execution speed\n4. Convergence behavior\n\nThe combined score balances these metrics for evolution.\n\"\"\"\n\nimport numpy as np\nimport pandas as pd\nimport time\nimport sys\nimport importlib.util\nfrom pathlib import Path\nfrom sklearn.neighbors import NearestNeighbors\nfrom sklearn.metrics import silhouette_score\nfrom sklearn.cluster import KMeans\nfrom typing import Dict, Any, Tuple\n\n\ndef generate_test_data(\n    n_cells: int = 2000,\n    n_features: int = 50,\n    n_batches: int = 3,\n    n_clusters: int = 5,\n    batch_effect_strength: float = 2.0,\n    random_state: int = 42,\n) -> Tuple[np.ndarray, np.ndarray, np.ndarray]:\n    \"\"\"\n    Generate synthetic single-cell data with batch effects.\n\n    Args:\n        n_cells: Total number of cells\n        n_features: Number of features (PCs)\n        n_batches: Number of batches\n        n_clusters: Number of biological clusters\n        batch_effect_strength: Strength of batch effects\n        random_state: Random seed\n\n    Returns:\n        X: Data matrix (n_cells x n_features)\n        batch_labels: Batch assignments\n        true_labels: True biological cluster labels\n    \"\"\"\n    np.random.seed(random_state)\n\n    cells_per_batch = n_cells // n_batches\n\n    X_list = []\n    batch_list = []\n    label_list = []\n\n    # Generate cluster centers\n    cluster_centers = np.random.randn(n_clusters, n_features) * 3\n\n    for batch_idx in range(n_batches):\n        # Batch-specific offset\n        batch_offset = np.random.randn(n_features) * batch_effect_strength\n\n        for cluster_idx in range(n_clusters):\n            # Cells per cluster per batch\n            n = cells_per_batch // n_clusters\n\n            # Generate cells around cluster center with batch effect\n            cells = (\n                cluster_centers[cluster_idx]\n                + np.random.randn(n, n_features) * 0.5\n                + batch_offset\n            )\n\n            X_list.append(cells)\n            batch_list.extend([batch_idx] * n)\n            label_list.extend([cluster_idx] * n)\n\n    X = np.vstack(X_list)\n    batch_labels = np.array(batch_list)\n    true_labels = np.array(label_list)\n\n    return X, batch_labels, true_labels\n\n\ndef load_pbmc_data(\n    data_dir: Path,\n) -> Tuple[np.ndarray, np.ndarray, np.ndarray, np.ndarray]:\n    \"\"\"\n    Load real PBMC data from CSV files.\n\n    Args:\n        data_dir: Directory containing the data files\n\n    Returns:\n        X_train: Training features (n_train x 30)\n        batch_train: Training batch labels\n        X_val: Validation features (n_val x 30)\n        batch_val: Validation batch labels\n    \"\"\"\n    # Read train data\n    train_df = pd.read_csv(data_dir / \"pbmc_3500_full_train.csv\")\n    X_train = train_df.iloc[:, :30].values  # PC1-PC30\n    batch_train = train_df[\"donor\"].values\n\n    # Read val data\n    val_df = pd.read_csv(data_dir / \"pbmc_3500_full_val.csv\")\n    X_val = val_df.iloc[:, :30].values\n    batch_val = val_df[\"donor\"].values\n\n    return X_train, batch_train, X_val, batch_val\n\n\ndef generate_pseudo_labels(X: np.ndarray, n_clusters: int = 5) -> np.ndarray:\n    \"\"\"\n    Generate pseudo cell type labels using K-means clustering.\n\n    Clusters the original (uncorrected) data to create reference labels\n    for evaluating biological structure preservation.\n\n    Args:\n        X: Data matrix (n_cells x n_features)\n        n_clusters: Number of clusters\n\n    Returns:\n        Cluster labels for each cell\n    \"\"\"\n    kmeans = KMeans(n_clusters=n_clusters, random_state=42, n_init=10)\n    return kmeans.fit_predict(X)\n\n\ndef compute_batch_mixing_score(\n    X: np.ndarray,\n    batch_labels: np.ndarray,\n    k: int = 50,\n) -> float:\n    \"\"\"\n    Compute batch mixing score using k-nearest neighbors.\n\n    Measures how well different batches are mixed in the embedding.\n    Higher score = better mixing.\n\n    Args:\n        X: Embedding (n_cells x n_features)\n        batch_labels: Batch assignments\n        k: Number of neighbors\n\n    Returns:\n        Mixing score in [0, 1]\n    \"\"\"\n    n_cells = X.shape[0]\n    unique_batches = np.unique(batch_labels)\n    n_batches = len(unique_batches)\n\n    # Expected proportion of each batch\n    expected_props = np.array([\n        np.sum(batch_labels == b) / n_cells\n        for b in unique_batches\n    ])\n\n    # Find k nearest neighbors\n    nn = NearestNeighbors(n_neighbors=min(k + 1, n_cells), algorithm=\"auto\")\n    nn.fit(X)\n    _, indices = nn.kneighbors(X)\n\n    # For each cell, compute batch proportions in neighborhood\n    mixing_scores = []\n    for i in range(n_cells):\n        neighbor_batches = batch_labels[indices[i, 1:]]  # Exclude self\n        observed_props = np.array([\n            np.sum(neighbor_batches == b) / k\n            for b in unique_batches\n        ])\n\n        # Compare to expected (lower KL divergence = better mixing)\n        # Use simple correlation instead for stability\n        score = 1 - np.sqrt(np.mean((observed_props - expected_props) ** 2))\n        mixing_scores.append(max(0, score))\n\n    return np.mean(mixing_scores)\n\n\ndef compute_bio_conservation_score(\n    X_corrected: np.ndarray,\n    X_original: np.ndarray,\n    true_labels: np.ndarray,\n) -> float:\n    \"\"\"\n    Compute biological structure 