{
  "current_iteration": 99,
  "best_score": 1.0,
  "score_history": [
    0.5,
    0.5,
    1.0,
    0.762820512820513,
    1.0,
    0.9905254091300604,
    0.7364341085271318,
    1.0,
    0.1749019607843137,
    0.9333333333333332,
    0.7215686274509804,
    0.48078431372549013,
    0.0,
    0.9474509803921567,
    0.0,
    1.0,
    0.9045383411580595,
    1.0,
    0.9755725190839695,
    0.851908396946565,
    0.8106870229007633,
    0.9755725190839695,
    0.0,
    0.41984732824427484,
    0.3045801526717557,
    0.7160305343511449,
    0.8541984732824427,
    0.9755725190839695,
    0.9755725190839695,
    0.8251908396946565,
    0.9755725190839695,
    0.7763358778625955,
    0.751908396946565,
    0.3183206106870229,
    0.8442748091603054,
    0.9465648854961831,
    0.8366412213740458,
    0.4641221374045802,
    0.766412213740458,
    0.0,
    0.1335978835978836,
    0.751984126984127,
    0.0,
    0.9781746031746033,
    0.833994708994709,
    0.8425925925925926,
    0.8624338624338624,
    0.626984126984127,
    0.45634920634920634,
    0.8637566137566138,
    0.1335978835978836,
    0.9312169312169312,
    0.35912698412698413,
    0.9675925925925927,
    0.8492063492063492,
    0.0,
    0.41005291005291006,
    0.4583333333333333,
    0.7301587301587302,
    0.9517195767195767,
    0.9801587301587301,
    0.6203703703703703,
    0.5066137566137566,
    0.787037037037037,
    0.11970899470899471,
    1.0,
    0.8569553805774278,
    0.0,
    0.7467191601049868,
    0.1325459317585302,
    0.6692913385826772,
    0.8628608923884514,
    0.6948818897637795,
    0.9711286089238845,
    0.8976377952755906,
    0.973753280839895,
    0.27755905511811024,
    0.6837270341207349,
    0.1325459317585302,
    0.9711286089238845,
    0.9481627296587927,
    0.1325459317585302,
    1.0,
    0.7796721311475411,
    0.8026229508196722,
    0.9704918032786886,
    0.13245901639344265,
    1.0,
    0.12415488629379226,
    0.9096496619545175,
    0.851259987707437,
    0.9096496619545175,
    0.9336201598033189,
    0.48494161032575295,
    0.0,
    0.9096496619545175,
    0.4585125998770744,
    0.12415488629379226,
    0.12415488629379226,
    0.8881376767055932,
    0.6601106330669945
  ],
  "best_score_history": [
    0.5,
    0.5,
    1.0,
    0.762820512820513,
    1.0,
    1.0,
    1.0,
    1.0,
    1.0,
    1.0,
    1.0,
    1.0,
    1.0,
    1.0,
    1.0,
    1.0,
    1.0,
    1.0,
    1.0,
    1.0,
    1.0,
    1.0,
    1.0,
    1.0,
    1.0,
    1.0,
    1.0,
    1.0,
    1.0,
    1.0,
    1.0,
    1.0,
    1.0,
    1.0,
    1.0,
    1.0,
    1.0,
    1.0,
    1.0,
    1.0,
    1.0,
    1.0,
    1.0,
    1.0,
    1.0,
    1.0,
    1.0,
    1.0,
    1.0,
    1.0,
    1.0,
    1.0,
    1.0,
    1.0,
    1.0,
    1.0,
    1.0,
    1.0,
    1.0,
    1.0,
    1.0,
    1.0,
    1.0,
    1.0,
    1.0,
    1.0,
    1.0,
    1.0,
    1.0,
    1.0,
    1.0,
    1.0,
    1.0,
    1.0,
    1.0,
    1.0,
    1.0,
    1.0,
    1.0,
    1.0,
    1.0,
    1.0,
    1.0,
    1.0,
    1.0,
    1.0,
    1.0,
    1.0,
    1.0,
    1.0,
    1.0,
    1.0,
    1.0,
    1.0,
    1.0,
    1.0,
    1.0,
    1.0,
    1.0,
    1.0,
    1.0
  ],
  "generations_without_improvement": 13,
  "objective": "Distill the CellTypist classifier into interpretable Python code.\n\n## Goal\nMaximize fidelity (agreement rate with CellTypist model). Target: >= 95%\n\n## Cell Types (EXACT NAMES required):\n- Plasma cells, Mast cells, DC1, Kupffer cells, pDC\n- gamma-delta T cells, Endothelial cells, Follicular B cells\n- Alveolar macrophages, Neutrophil-myeloid progenitor\n\n## STRICT CONSTRAINTS (IMPORTANT!)\nThe distilled code must be SELF-CONTAINED and INDEPENDENT:\n- DO NOT import celltypist or load any .pkl model files\n- DO NOT load external weight files at runtime\n- All decision logic must be hardcoded in the Python code itself\n- The code should work without any external model files\n\n## Hints\n- The analyzer has Python capability to run experiments and inspect the model\n- Use the analyzer to extract knowledge (weights, thresholds, feature importance)\n- Then hardcode that knowledge into simple, interpretable rules\n- Consider: marker genes, decision trees, threshold-based rules\n\n## Requirements\n1. Function signature: def predict_cell_type(expression: dict) -> str\n2. Return one of the exact cell type names listed above\n3. Maximize fidelity with the original model\n4. Code must be self-contained (no external model dependencies)\n",